scheduler,task,rep_count,n,mean,std,median,p95,p99,total
roundrobin,addition,500,500,2.0763765425928478,0.6663047704330562,1.95359798845746,3.2297360062935256,3.998915514063112,1038.1882712964239
probabilistic,addition,500,500,1.9544410560427363,0.6151874290333075,1.8236332691083255,3.0021779215935522,3.6224356105137185,977.2205280213682
static,addition,500,500,2.1520567350704485,0.6430992596023235,2.0664783298141787,3.245881420059421,3.7407164000088904,1076.0283675352243
